index,forecast,timing_strategy,market_return
1930-12-01,-0.1466447,-0.09473362565040588,0.64600784
1931-01-01,-0.039023153,-0.06002139300107956,1.5380969
1931-02-01,-0.07207072,0.059374623000621796,-0.82383835
1931-03-01,-0.30768317,0.3733879625797272,-1.2135469
1931-04-01,-0.40879413,0.6939024329185486,-1.6974373
1931-05-01,-0.323098,-0.5265290141105652,1.6296264
1931-06-01,-0.070088044,0.0563371479511261,-0.8038054
1931-07-01,-0.30632868,-0.03174878656864166,0.10364287
1931-08-01,-0.30829668,1.0096118450164795,-3.2748063
1931-09-01,0.012442071,0.008950590156018734,0.71938103
1931-10-01,-0.0007112295,0.0005694373394362628,-0.80063796
1931-11-01,-0.05339003,0.06274892389774323,-1.1752928
1931-12-01,-0.123972096,0.02761525847017765,-0.22275382
1932-01-01,-0.21932495,-0.08969288319349289,0.40894976
1932-02-01,0.01370271,-0.013787302188575268,-1.0061734
1932-03-01,-0.018247392,0.031081773340702057,-1.7033542
1932-04-01,-0.018646121,0.034624189138412476,-1.8569112
1932-05-01,-0.01596317,0.0010720266727730632,-0.06715625
1932-06-01,-0.06990152,-0.22441385686397552,3.210429
1932-07-01,0.013146741,0.02761867083609104,2.1007998
1932-08-01,-0.028130807,0.0047884490340948105,-0.17022082
1932-09-01,-0.021879602,0.01525057852268219,-0.6970227
1932-10-01,-0.17621414,0.051693230867385864,-0.2933546
1932-11-01,-0.15101111,-0.03925260901451111,0.25993192
1932-12-01,0.010487159,0.0003882981836795807,0.037026063
1933-01-01,-0.022654628,0.021344872191548347,-0.94218594
1933-02-01,0.017593818,0.002917100442573428,0.16580258
1933-03-01,-0.013840075,-0.02920321188867092,2.1100473
1933-04-01,0.069158286,0.04919787868857384,0.71138084
1933-05-01,-0.049594752,-0.031761933118104935,0.6404293
1933-06-01,0.12613308,-0.054410066455602646,-0.4313703
1933-07-01,-0.035584945,-0.021554168313741684,0.6057103
1933-08-01,-0.015301397,0.01071820966899395,-0.7004726
1933-09-01,-0.112990566,0.05998453125357628,-0.53088087
1933-10-01,-0.1395969,-0.08807706832885742,0.6309386
1933-11-01,-0.061432857,-0.008486349135637283,0.13814023
1933-12-01,-0.0030443205,-0.0019992932211607695,0.6567289
1934-01-01,-0.034178145,0.007752059027552605,-0.22681333
1934-02-01,-0.112175964,0.0007081596995703876,-0.006312936
1934-03-01,-0.11385061,0.02072516828775406,-0.18203828
1934-04-01,-0.13085425,0.11048544198274612,-0.8443397
1934-05-01,-0.23950168,-0.055176250636577606,0.23037939
1934-06-01,-0.14874938,0.2109355330467224,-1.41806
1934-07-01,-0.18015748,-0.11604737490415573,0.64414406
1934-08-01,-0.038394473,0.0027033905498683453,-0.07041093
1934-09-01,-0.07896148,0.03551041707396507,-0.44971827
1934-10-01,-0.033355266,-0.041573718190193176,1.2463914
1934-11-01,-0.07075788,0.004642066545784473,-0.06560494
1934-12-01,0.17382988,-0.11528203636407852,-0.6631888
1935-01-01,-0.14518534,0.1063157245516777,-0.7322759
1935-02-01,-0.15535216,0.08865807205438614,-0.57069093
1935-03-01,-0.090472795,-0.16000455617904663,1.7685378
1935-04-01,0.11797254,0.0604260191321373,0.5122041
1935-05-01,0.3350197,0.38164350390434265,1.1391673
1935-06-01,0.481574,0.6408852338790894,1.3308136
1935-07-01,0.51440555,0.20942376554012299,0.40711802
1935-08-01,0.35995615,0.16438601911067963,0.45668346
1935-09-01,0.37729207,0.5482646226882935,1.4531571
1935-10-01,0.49093813,0.3799058794975281,0.77383655
1935-11-01,0.31630045,0.24309931695461273,0.7685709
1935-12-01,0.4573794,0.6339496374130249,1.3860476
1936-01-01,0.64607036,0.25655248761177063,0.3970968
1936-02-01,0.6027617,0.43508824706077576,0.72182465
1936-03-01,0.59000236,-1.672676920890808,-2.8350344
1936-04-01,0.32904038,0.3599625527858734,1.0939769
1936-05-01,0.5092183,0.3709493577480316,0.7284683
1936-06-01,0.63790053,1.0671988725662231,1.6729864
1936-07-01,0.68840057,0.1552043855190277,0.2254565
1936-08-01,0.6027936,0.01902611181139946,0.03156323
1936-09-01,0.57285595,1.060940146446228,1.8520191
1936-10-01,0.5202607,0.05230221524834633,0.10053078
1936-11-01,0.09288861,-0.013161251321434975,-0.14168854
1936-12-01,0.43190464,0.3931061923503876,0.91016895
1937-01-01,0.6782158,0.24956893920898438,0.36797866
1937-02-01,0.20980012,-0.04973095655441284,-0.23703969
1937-03-01,0.24428853,-0.5027438402175903,-2.057992
1937-04-01,0.39903864,-0.09903018176555634,-0.24817191
1937-05-01,0.18976052,-0.24390365183353424,-1.2853235
1937-06-01,-0.091146186,-0.21035949885845184,2.3079352
1937-07-01,-0.041284557,0.045913517475128174,-1.1121233
1937-08-01,0.40563732,-1.0899616479873657,-2.6870348
1937-09-01,-0.1507917,0.22822076082229614,-1.5134835
1937-10-01,-0.26420295,0.4038097858428955,-1.5284076
1937-11-01,-0.40029395,0.29300931096076965,-0.73198533
1937-12-01,-0.23153447,-0.04491480812430382,0.19398756
1938-01-01,-0.048351254,-0.044358160346746445,0.9174149
1938-02-01,0.10619698,-0.3751205503940582,-3.532309
1938-03-01,-0.22354504,-0.3381482660770416,1.5126628
1938-04-01,-0.4699086,0.19182150065898895,-0.40821025
1938-05-01,-0.3472239,-0.7922120690345764,2.2815597
1938-06-01,-0.3142227,-0.16778287291526794,0.53396165
1938-07-01,-0.40422407,0.08271874487400055,-0.20463587
1938-08-01,-0.31525698,-0.035241641104221344,0.11178703
1938-09-01,-0.050331794,-0.029992520809173584,0.5958961
1938-10-01,0.016458143,-0.004392348229885101,-0.26687995
1938-11-01,0.041057248,0.012789513915777206,0.31150442
1938-12-01,0.019771814,-0.011430677026510239,-0.5781299
1939-01-01,-0.03410548,-0.009072408080101013,0.26601028
1939-02-01,-0.14149722,0.15754175186157227,-1.1133912
1939-03-01,0.058621194,-0.003153666853904724,-0.053797383
1939-04-01,-0.03213523,-0.021046873182058334,0.65494704
1939-05-01,-0.019627396,0.013302326202392578,-0.6777428
1939-06-01,0.0121604465,0.020307961851358414,1.6700014
1939-07-01,-0.14142077,0.14523494243621826,-1.0269704
1939-08-01,0.21522048,0.49040722846984863,2.2786272
1939-09-01,0.0054856865,-0.0009186001843772829,-0.167454
1939-10-01,-0.20720583,0.12017105519771576,-0.5799598
1939-11-01,0.031309277,0.008718132972717285,0.27845207
1939-12-01,-0.031090375,0.012901046313345432,-0.41495305
1940-01-01,0.39763585,0.031806282699108124,0.079988465
1940-02-01,0.24359185,0.029226962476968765,0.11998334
1940-03-01,-0.10634914,0.007366687525063753,-0.0692689
1940-04-01,0.40589517,-1.375277042388916,-3.3882568
1940-05-01,0.04489322,0.03473817929625511,0.77379566
1940-06-01,-0.24122588,-0.0743289440870285,0.30813006
1940-07-01,-0.38460344,-0.10577639937400818,0.2750272
1940-08-01,-0.26862103,-0.027147429063916206,0.101062186
1940-09-01,-0.16599457,-0.08351413905620575,0.5031137
1940-10-01,-0.18939537,0.10071534663438797,-0.53177303
1940-11-01,-0.0064607654,0.0002298306062584743,-0.035573278
1940-12-01,-0.21158585,0.12930363416671753,-0.61111665
1941-01-01,-0.1379824,0.025906652212142944,-0.1877533
1941-02-01,-0.22419474,-0.01142420805990696,0.05095663
1941-03-01,-0.1553443,0.12834012508392334,-0.8261656
1941-04-01,-0.16658579,-0.00891502108424902,0.053516094
1941-05-01,-0.13909198,-0.18499426543712616,1.3300139
1941-06-01,0.030183267,0.04511326923966408,1.494645
1941-07-01,0.09282303,-0.020565172657370567,-0.22155248
1941-08-01,0.26446575,-0.06689587235450745,-0.2529472
1941-09-01,0.1878424,-0.3366889953613281,-1.7924016
1941-10-01,-0.06355873,0.06678395718336105,-1.050744
1941-11-01,-0.18049902,0.20305390655994415,-1.1249585
1941-12-01,-0.16318592,-0.054938606917858124,0.33666265
1942-01-01,-0.11252992,0.06951579451560974,-0.61775386
1942-02-01,-0.23534508,0.3910953402519226,-1.6617953
1942-03-01,-0.45331132,0.4568476974964142,-1.0078012
1942-04-01,-0.5005121,-0.7697978019714355,1.5380203
1942-05-01,-0.18431444,-0.07168305665254593,0.38891718
1942-06-01,-0.18782046,-0.13375182449817657,0.71212596
1942-07-01,-0.16136181,-0.027512386441230774,0.17050122
1942-08-01,-0.18112043,-0.11621414124965668,0.6416402
1942-09-01,0.1045019,0.15574730932712555,1.4903777
1942-10-01,0.06255592,-0.019569827243685722,-0.31283736
1942-11-01,0.15060729,0.18366384506225586,1.2194884
1942-12-01,0.30685818,0.5274292230606079,1.7188045
1943-01-01,0.667588,0.7463694214820862,1.1180091
1943-02-01,0.7441055,0.88374263048172,1.1876577
1943-03-01,0.32039943,0.007906077429652214,0.02467569
1943-04-01,0.47576082,0.7647897005081177,1.6075088
1943-05-01,0.81178606,0.6036167144775391,0.7435663
1943-06-01,0.8126736,-1.6586072444915771,-2.0409267
1943-07-01,0.19118896,0.053297895938158035,0.27877077
1943-08-01,0.28611404,0.18495765328407288,0.6464473
1943-09-01,0.47559345,-0.17154987156391144,-0.36070698
1943-10-01,0.2847876,-0.5916091203689575,-2.0773697
1943-11-01,0.008387984,0.011002487502992153,1.3116963
1943-12-01,0.17811519,0.06031135842204094,0.33860874
1944-01-01,0.092174456,-0.005549327004700899,-0.06020461
1944-02-01,0.0341682,0.014352313242852688,0.42004886
1944-03-01,0.0036536409,-0.0012056083651259542,-0.3299745
1944-04-01,0.097429454,0.10338875651359558,1.0611653
1944-05-01,0.009147591,0.012384077534079552,1.3538076
1944-06-01,0.096397415,-0.05012530833482742,-0.51998603
1944-07-01,0.13757277,0.03260140120983124,0.23697568
1944-08-01,0.17042023,-0.014562579803168774,-0.08545101
1944-09-01,0.12924747,0.0,0.0
1944-10-01,0.11772038,0.012851779349148273,0.10917208
1944-11-01,0.22900262,0.3207744061946869,1.4007455
1944-12-01,0.22493014,0.14767833054065704,0.656552
1945-01-01,0.27345234,0.7738654613494873,2.829983
1945-02-01,0.6024722,-1.0825389623641968,-1.7968282
1945-03-01,0.38348433,1.0754395723342896,2.80439
1945-04-01,0.32079333,0.09837139397859573,0.30665037
1945-05-01,0.4658463,-0.04216044768691063,-0.09050292
1945-06-01,0.28207085,-0.15905633568763733,-0.5638879
1945-07-01,0.45744738,0.7471351027488708,1.63327
1945-08-01,0.39620578,0.43935856223106384,1.1089151
1945-09-01,0.5385392,0.4309999942779541,0.8003132
1945-10-01,0.49772784,0.43148040771484375,0.86690027
1945-11-01,0.46635395,0.12465377897024155,0.26729435
1945-12-01,0.25896662,0.4864283502101898,1.8783438
1946-01-01,0.5372186,-0.9500066041946411,-1.76838
1946-02-01,0.5006788,0.4976685345172882,0.9939877
1946-03-01,0.15942666,0.14047738909721375,0.8811411
1946-04-01,0.21281856,0.1250002384185791,0.5873559
1946-05-01,0.36282563,-0.37322086095809937,-1.0286508
1946-06-01,0.25526932,-0.15733501315116882,-0.6163491
1946-07-01,0.010329204,-0.017997395247220993,-1.7423798
1946-08-01,0.03861115,-0.08306512236595154,-2.1513247
1946-09-01,-0.09313671,0.013575131073594093,-0.14575489
1946-10-01,-0.060670033,0.012894798070192337,-0.21253982
1946-11-01,-0.35953644,-0.2948935031890869,0.8202048
1946-12-01,0.2802809,0.12115249782800674,0.43225387
1947-01-01,0.028187755,-0.008314372040331364,-0.29496396
1947-02-01,0.08702726,-0.03150641545653343,-0.36202928
1947-03-01,0.036884964,-0.03316492214798927,-0.89914477
1947-04-01,-0.16473886,0.036205366253852844,-0.21977429
1947-05-01,-0.12146253,-0.1657038778066635,1.3642386
1947-06-01,0.1430664,0.11830681562423706,0.82693636
1947-07-01,0.22523805,-0.13686606287956238,-0.6076507
1947-08-01,-0.004496879,0.0014679213054478168,-0.32643113
1947-09-01,-0.10447921,-0.07448041439056396,0.7128731
1947-10-01,0.16969305,-0.16089729964733124,-0.94816667
1947-11-01,-0.031164654,-0.020633643493056297,0.6620848
1947-12-01,0.10714503,-0.14633266627788544,-1.3657439
1948-01-01,-0.052385494,0.08110587298870087,-1.5482507
1948-02-01,0.0060330047,0.014263037592172623,2.3641682
1948-03-01,0.33536056,0.21948398649692535,0.6544717
1948-04-01,-0.21687841,-0.43287235498428345,1.9959219
1948-05-01,0.26430154,0.018003547564148903,0.068117455
1948-06-01,0.07367574,-0.0927967056632042,-1.2595288
1948-07-01,-0.09901972,-0.01675194501876831,0.16917786
1948-08-01,0.10446418,-0.07168184965848923,-0.6861859
1948-09-01,0.14481701,0.21980492770671844,1.5178115
1948-10-01,0.3218597,-0.7216440439224243,-2.2421076
1948-11-01,0.5064391,0.2660796344280243,0.5253932
1948-12-01,0.124224,0.002796412678435445,0.02251105
1949-01-01,0.24986196,-0.17273923754692078,-0.6913387
1949-02-01,0.25044656,0.13354185223579407,0.533215
1949-03-01,-0.007895514,0.003196938196197152,-0.40490562
1949-04-01,0.046287566,-0.033093079924583435,-0.7149454
1949-05-01,-0.07633412,0.003492643591016531,-0.045754686
1949-06-01,-0.13838911,-0.18666283786296844,1.348826
1949-07-01,-0.25021857,-0.0613090842962265,0.24502212
1949-08-01,0.06430153,0.031071199104189873,0.4832109
1949-09-01,-0.05223611,-0.03167286887764931,0.6063405
1949-10-01,-0.10632141,-0.002940472448244691,0.027656447
1949-11-01,0.12289059,0.17766547203063965,1.4457207
1949-12-01,0.14046374,0.07772409915924072,0.55333924
1950-01-01,0.19562188,0.062372684478759766,0.3188431
1950-02-01,0.37681603,0.05639293044805527,0.1496564
1950-03-01,0.33760917,0.5682337880134583,1.6831113
1950-04-01,0.52839386,0.7929947376251221,1.5007645
1950-05-01,0.7451077,-2.130568265914917,-2.8594098
1950-06-01,0.3911754,0.10839983075857162,0.2771131
1950-07-01,0.26363438,0.31156548857688904,1.181809
1950-08-01,0.42074224,0.8414140343666077,1.9998325
1950-09-01,0.49649775,0.06765327602624893,0.13626099
1950-10-01,0.55319786,-0.018710652366280556,-0.03382271
1950-11-01,0.51137686,0.776201069355011,1.5178651
1950-12-01,0.49490827,0.9904184341430664,2.0012162
1951-01-01,0.6167649,0.1201956495642662,0.19488081
1951-02-01,0.5346534,-0.2947368919849396,-0.5512672
1951-03-01,0.1884902,0.2601516842842102,1.3801868
1951-04-01,0.38825327,-0.4488637447357178,-1.1561106
1951-05-01,0.22881313,-0.15558792650699615,-0.67997813
1951-06-01,0.19779229,0.40215757489204407,2.0332317
1951-07-01,0.38252294,0.4052232801914215,1.0593437
1951-08-01,0.54557127,-0.012549915350973606,-0.023003256
1951-09-01,0.21169043,-0.08089428395032883,-0.38213482
1951-10-01,0.41226834,-0.029238589107990265,-0.07092126
1951-11-01,-0.010786682,-0.011358177289366722,1.0529815
1951-12-01,0.096338615,0.04116968810558319,0.42734358
1952-01-01,0.118876904,-0.13047727942466736,-1.097583
1952-02-01,0.18179968,0.2424130141735077,1.3334073
1952-03-01,0.19360209,-0.22684365510940552,-1.1717005
1952-04-01,0.047844827,0.029215283691883087,0.61062574
1952-05-01,0.117143005,0.15206989645957947,1.298156
1952-06-01,0.19962084,0.10022804141044617,0.50209206
1952-07-01,0.19249907,-0.09081405401229858,-0.4717636
1952-08-01,0.17878072,-0.11552608013153076,-0.6461887
1952-09-01,0.13757586,-0.003596424125134945,-0.026141388
1952-10-01,0.069565326,0.10537935048341751,1.5148258
1952-11-01,-0.0013340961,-0.001449044793844223,1.0861622
1952-12-01,0.2717126,-0.05998936668038368,-0.22078243
1953-01-01,0.36893445,-0.20539015531539917,-0.5567118
1953-02-01,0.12598577,-0.09633291512727737,-0.7646333
1953-03-01,-0.06661773,0.05963381379842758,-0.8951643
1953-04-01,-0.14544268,0.017162129282951355,-0.11799927
1953-05-01,-0.19309293,0.11659903079271317,-0.6038493
1953-06-01,0.31219208,0.3332424461841583,1.0674276
1953-07-01,0.027922526,-0.06623478978872299,-2.3720915
1953-08-01,-0.11573279,-0.005111271049827337,0.044164415
1953-09-01,0.35995734,0.6362498998641968,1.7675704
1953-10-01,-0.15581693,-0.04245923459529877,0.27249438
1953-11-01,-0.24931288,-0.016910631209611893,0.06782895
1953-12-01,0.34780097,0.6508216857910156,1.8712475
1954-01-01,0.065047435,0.005485857836902142,0.084336266
1954-02-01,0.690066,0.6652653813362122,0.96406054
1954-03-01,0.18986094,0.2971050441265106,1.564856
1954-04-01,0.6354902,0.6570684909820557,1.0339553
1954-05-01,0.05224214,0.0011199053842574358,0.02143682
1954-06-01,0.7657889,1.4213303327560425,1.8560342
1954-07-01,0.8594811,-0.887296736240387,-1.0323633
1954-08-01,0.26330727,0.7741658091545105,2.9401612
1954-09-01,0.4455906,-0.2664659023284912,-0.5980061
1954-10-01,0.78338015,1.8416167497634888,2.3508596
1954-11-01,0.39614654,0.5303395986557007,1.3387461
1954-12-01,0.6621979,0.3187469244003296,0.48134694
1955-01-01,0.4560465,0.043489761650562286,0.09536256
1955-02-01,0.79429823,-0.10466471314430237,-0.13177004
1955-03-01,0.7654228,0.7509868144989014,0.98113984
1955-04-01,0.5503567,-0.019084066152572632,-0.034675814
1955-05-01,0.5100012,1.0856801271438599,2.1287796
1955-06-01,0.30249453,0.44222331047058105,1.4619217
1955-07-01,0.5469662,-0.1023835688829422,-0.18718445
1955-08-01,0.6001637,0.17611825466156006,0.29345036
1955-09-01,0.49133873,-0.42207998037338257,-0.85904074
1955-10-01,0.2779411,0.564788281917572,2.032043
1955-11-01,0.30521992,-0.005579642951488495,-0.01828073
1955-12-01,0.37380272,-0.38202548027038574,-1.0219976
1956-01-01,0.2556672,0.2255781888961792,0.88231176
1956-02-01,0.18742011,0.32889989018440247,1.7548804
1956-03-01,0.21396083,-0.010696349665522575,-0.049992092
1956-04-01,0.1590108,-0.250649631023407,-1.5763057
1956-05-01,0.50418025,0.40743327140808105,0.80811036
1956-06-01,0.15905145,0.18407554924488068,1.1573334
1956-07-01,-0.19572675,0.1705559343099594,-0.87139815
1956-08-01,-0.24264143,0.24127690494060516,-0.99437636
1956-09-01,0.24966778,0.02620634436607361,0.10496487
1956-10-01,-0.0035538324,0.0008281771442852914,-0.23303775
1956-11-01,-0.13946733,-0.11681295186281204,0.837565
1956-12-01,-0.31206465,0.30100294947624207,-0.9645532
1957-01-01,0.32819983,-0.24474091827869415,-0.74570704
1957-02-01,0.09239419,0.04163288325071335,0.45060068
1957-03-01,-0.07501283,-0.07268287241458893,0.9689391
1957-04-01,-0.41360283,-0.3799642026424408,0.9186692
1957-05-01,0.23477505,-0.008106614463031292,-0.034529284
1957-06-01,-0.064241104,-0.020926496013998985,0.3257493
1957-07-01,0.10059334,-0.1793060004711151,-1.7824838
1957-08-01,-0.037337173,0.06853945553302765,-1.8356894
1957-09-01,-0.25843012,0.23107369244098663,-0.8941438
1957-10-01,-0.2100364,-0.09247547388076782,0.4402831
1957-11-01,-0.14469771,0.16155168414115906,-1.1164771
1957-12-01,0.020379324,0.024195121601223946,1.1872387
1958-01-01,0.3252816,-0.1769091635942459,-0.54386467
1958-02-01,-0.2175122,-0.18000388145446777,0.8275576
1958-03-01,0.07316832,0.061184804886579514,0.83621985
1958-04-01,0.23106702,0.09196119010448456,0.39798492
1958-05-01,0.17236894,0.1250978708267212,0.7257564
1958-06-01,0.12761202,0.14834675192832947,1.1624825
1958-07-01,0.28640097,0.08653141558170319,0.3021338
1958-08-01,0.13084018,0.17970609664916992,1.3734779
1958-09-01,0.28397483,0.23882845044136047,0.8410198
1958-10-01,0.30765104,0.26041144132614136,0.84645075
1958-11-01,0.43175048,0.8486349582672119,1.9655681
1958-12-01,0.46495658,0.08951918035745621,0.19253235
1959-01-01,0.51529557,-0.004602702334523201,-0.00893216
1959-02-01,0.56172705,0.018292583525180817,0.032564897
1959-03-01,0.4673592,1.0045217275619507,2.149357
1959-04-01,0.6072565,0.6230531930923462,1.0260133
1959-05-01,0.79093635,-0.15461674332618713,-0.1954857
1959-06-01,0.53319573,0.9317631721496582,1.7475069
1959-07-01,0.74984354,-0.5843560695648193,-0.779304
1959-08-01,0.5614431,-1.1720783710479736,-2.0876174
1959-09-01,0.062206928,0.026269827038049698,0.42229745
1959-10-01,0.2737652,0.1377345621585846,0.503112
1959-11-01,0.007735093,0.008220086805522442,1.0627004
1959-12-01,0.20695332,-0.6394742131233215,-3.0899444
1960-01-01,0.03203465,0.009060373529791832,0.28283042
1960-02-01,0.24701592,-0.10559543967247009,-0.42748433
1960-03-01,0.1671699,-0.08928024768829346,-0.53406894
1960-04-01,0.01066245,0.00929950550198555,0.87217337
1960-05-01,-0.21859622,-0.13586504757404327,0.6215343
1960-06-01,0.048458286,-0.03737372159957886,-0.77125555
1960-07-01,-0.1498051,-0.12826545536518097,0.85621554
1960-08-01,0.009629915,-0.018302669748663902,-1.9006056
1960-09-01,-0.02121433,0.0015252088196575642,-0.07189521
1960-10-01,-0.3258062,-0.3924245834350586,1.2044724
1960-11-01,-0.17101948,-0.22191429138183594,1.2975966
1960-12-01,0.114920035,0.19356979429721832,1.6843868
1961-01-01,-0.21201462,-0.16361182928085327,0.77170074
1961-02-01,0.121111244,0.0879037007689476,0.7258096
1961-03-01,0.2988131,0.03328445553779602,0.11138887
1961-04-01,0.38904977,0.22398972511291504,0.5757354
1961-05-01,0.099545725,-0.08678720891475677,-0.8718326
1961-06-01,0.029928045,0.027737805619835854,0.92681646
1961-07-01,0.34223783,0.1978967785835266,0.57824343
1961-08-01,0.20548454,-0.11963962763547897,-0.58223176
1961-09-01,0.35839003,0.3783905804157257,1.0558066
1961-10-01,0.39569634,0.5973688960075378,1.5096649
1961-11-01,0.3721999,0.046158257871866226,0.1240147
1961-12-01,0.11193773,-0.1681564450263977,-1.5022321
1962-01-01,0.11020859,0.07018233090639114,0.6368136
1962-02-01,0.5017055,-0.11729683727025986,-0.23379618
1962-03-01,0.36408955,-0.9112271666526794,-2.5027556
1962-04-01,0.120934375,-0.3291557729244232,-2.7217717
1962-05-01,-0.36037216,0.7465832829475403,-2.0717008
1962-06-01,-0.5874069,-0.836628258228302,1.4242738
1962-07-01,0.027947497,0.008857759647071362,0.31694287
1962-08-01,-0.5228182,0.5251237154006958,-1.0044098
1962-09-01,-0.4375362,-0.03952827304601669,0.09034286
1962-10-01,-0.3983782,-0.8460667729377747,2.1237779
1962-11-01,0.14515282,0.03449300676584244,0.23763236
1962-12-01,-0.14792871,-0.12735150754451752,0.86089784
1963-01-01,0.2184344,-0.10761760175228119,-0.492677
1963-02-01,-0.17149112,-0.10351531207561493,0.6036191
1963-03-01,-0.0023409054,-0.0018953903345391154,0.8096826
1963-04-01,0.20481521,0.05029720813035965,0.2455736
1963-05-01,0.27079597,-0.10847891867160797,-0.4005928
1963-06-01,0.34222564,-0.02816619537770748,-0.082302995
1963-07-01,0.22602451,0.27382296323776245,1.2114747
1963-08-01,0.25411204,-0.06773877143859863,-0.2665705
1963-09-01,0.31246006,0.27081528306007385,0.86671966
1963-10-01,0.2095442,-0.05983199179172516,-0.285534
1963-11-01,0.30099812,0.25771185755729675,0.8561909
1963-12-01,0.30208462,0.2833487391471863,0.937978
1964-01-01,0.13941248,0.05100851505994797,0.36588198
1964-02-01,0.28648525,0.18412068486213684,0.64268816
1964-03-01,0.39966393,0.10647116601467133,0.26640174
1964-04-01,0.3355346,0.1900850385427475,0.56651396
1964-05-01,0.3436873,0.2795808017253876,0.81347436
1964-06-01,0.4423174,0.45604217052459717,1.0310292
1964-07-01,0.478585,-0.4610062539577484,-0.96326935
1964-08-01,0.38194215,0.7009351849555969,1.8351868
1964-09-01,0.46617374,0.252328097820282,0.5412748
1964-10-01,0.52436733,-0.19755327701568604,-0.37674597
1964-11-01,0.45117092,0.1351483166217804,0.29955015
1964-12-01,0.4085008,1.0742534399032593,2.6297462
1965-01-01,0.56714076,-0.06257916986942291,-0.11034152
1965-02-01,0.54149294,-0.5651218891143799,-1.0436367
1965-03-01,0.334319,0.7411210536956787,2.216808
1965-04-01,0.44802803,-0.2009858787059784,-0.44860113
1965-05-01,0.48536846,-1.3141045570373535,-2.707437
1965-06-01,0.22676344,0.12678498029708862,0.55910677
1965-07-01,0.12563047,0.11897142231464386,0.94699496
1965-08-01,0.2468881,0.33388543128967285,1.3523755
1965-09-01,0.24078777,0.27462032437324524,1.1405078
1965-10-01,0.34588814,-0.12236620485782623,-0.35377392
1965-11-01,0.29602596,0.1061578094959259,0.3586098
1965-12-01,0.20443788,0.03990253433585167,0.1951817
1966-01-01,0.12458038,-0.09433167427778244,-0.75719523
1966-02-01,-0.03834886,0.03417148441076279,-0.8910691
1966-03-01,0.07192327,0.05885552987456322,0.81830996
1966-04-01,-0.06554812,0.14911669492721558,-2.2749195
1966-05-01,-0.2356137,0.1321014016866684,-0.5606694
1966-06-01,-0.13813816,0.07346779108047485,-0.5318428
1966-07-01,-0.08936943,0.27491462230682373,-3.0761595
1966-08-01,-0.6562217,0.14239263534545898,-0.21698861
1966-09-01,0.06833629,0.1099662184715271,1.609192
1966-10-01,-0.21483852,-0.020619388669729233,0.09597622
1966-11-01,-0.6707808,0.030558547005057335,-0.045556683
1966-12-01,0.5082393,1.2293310165405273,2.4188035
1967-01-01,-0.16314584,-0.007753415498882532,0.047524445
1967-02-01,-0.6974917,-0.6682090759277344,0.95801723
1967-03-01,-0.07904987,-0.07871591299772263,0.9957754
1967-04-01,-0.056206815,0.06739319860935211,-1.1990218
1967-05-01,-0.2664119,-0.10716591775417328,0.4022565
1967-06-01,-0.21473286,-0.22525933384895325,1.0490212
1967-07-01,-0.10011159,0.026604218408465385,-0.26574564
1967-08-01,0.10489203,0.09779446572065353,0.9323346
1967-09-01,0.21980242,-0.1847005933523178,-0.8403028
1967-10-01,0.17474458,0.0051538217812776566,0.029493457
1967-11-01,0.27883044,0.20257142186164856,0.72650397
1967-12-01,0.31503382,-0.38371312618255615,-1.2180061
1968-01-01,-0.11070516,0.10164009779691696,-0.91811526
1968-02-01,0.08948121,0.023589836433529854,0.26362893
1968-03-01,0.22905022,0.5538679957389832,2.4181073
1968-04-01,-0.31970513,-0.08982788771390915,0.28097105
1968-05-01,-0.007902345,-0.0020251604728400707,0.25627336
1968-06-01,-0.2859109,0.14885199069976807,-0.5206237
1968-07-01,-0.4324103,-0.1448105424642563,0.33489153
1968-08-01,0.106732786,0.12113726884126663,1.1349584
1968-09-01,0.45503277,0.09528030455112457,0.20939219
1968-10-01,0.5311008,0.7800816297531128,1.4688014
1968-11-01,0.7668085,-0.9267054796218872,-1.2085227
1968-12-01,0.25837284,-0.05652568116784096,-0.21877563
1969-01-01,0.130761,-0.1805662214756012,-1.3808875
1969-02-01,0.19773766,0.18752801418304443,0.9483677
1969-03-01,0.40123442,0.23231111466884613,0.578991
1969-04-01,0.01595169,-0.0011824731482192874,-0.0741284
1969-05-01,-0.31862026,0.5914260745048523,-1.8562099
1969-06-01,0.2121366,-0.3701748847961426,-1.7449836
1969-07-01,0.015762044,0.016494302079081535,1.046457
1969-08-01,0.26274216,-0.16346204280853271,-0.6221386
1969-09-01,-0.60312617,-0.692564070224762,1.1482905
1969-10-01,-0.15693061,0.13435940444469452,-0.8561708
1969-11-01,0.15246342,-0.07384799420833588,-0.48436534
1969-12-01,0.02020462,-0.041286155581474304,-2.0434017
1970-01-01,-0.3296258,-0.41231146454811096,1.2508471
1970-02-01,-0.21541244,-0.0069602010771632195,0.032311045
1970-03-01,-0.21510914,0.45073068141937256,-2.0953581
1970-04-01,-0.17232169,0.22003677487373352,-1.2768954
1970-05-01,-0.2175664,0.22264640033245087,-1.0233492
1970-06-01,-0.13123359,-0.19796739518642426,1.5085117
1970-07-01,-0.058451705,-0.04785866290330887,0.81877273
1970-08-01,-0.35811737,-0.2160540223121643,0.60330504
1970-09-01,-0.20962344,0.04270155355334282,-0.203706
1970-10-01,-0.46513683,-0.41177552938461304,0.8852783
1970-11-01,0.059553705,0.06085847318172455,1.0219091
1970-12-01,0.08641778,0.060278382152318954,0.69752294
1971-01-01,0.14292377,0.024308718740940094,0.1700817
1971-02-01,0.043050602,0.030615173280239105,0.7111439
1971-03-01,0.15357794,0.10645048320293427,0.6931366
1971-04-01,0.21544856,-0.21417033672332764,-0.9940672
1971-05-01,0.18563023,0.0033799547236412764,0.018207997
1971-06-01,0.116390705,-0.14980244636535645,-1.2870654
1971-07-01,0.1129537,0.11954248696565628,1.0583317
1971-08-01,0.1342779,-0.02785509265959263,-0.20744362
1971-09-01,0.2239427,-0.2767159938812256,-1.2356553
1971-10-01,0.07285623,-0.0050340271554887295,-0.06909535
1971-11-01,-0.098872,-0.24238747358322144,2.451528
1971-12-01,0.20341864,0.09288705140352249,0.45663
1972-01-01,0.3571096,0.23410944640636444,0.65556747
1972-02-01,0.34452814,0.05229976028203964,0.15180112
1972-03-01,0.27929232,0.03228318691253662,0.115589246
1972-04-01,0.34234366,0.1610179841518402,0.4703402
1972-05-01,0.0056801797,-0.0036469895858317614,-0.64205533
1972-06-01,0.45587853,0.030343366786837578,0.0665602
1972-07-01,-0.22556084,-0.2448180913925171,1.085375
1972-08-01,0.41501695,-0.06378951668739319,-0.1537034
1972-09-01,0.4148255,0.12258836627006531,0.29551792
1972-10-01,0.17167029,0.2902204692363739,1.690569
1972-11-01,0.42597777,0.18132925033569336,0.42567772
1972-12-01,0.0945984,-0.0907573327422142,-0.9593961
1973-01-01,-0.19300555,0.36905843019485474,-1.9121649
1973-02-01,0.1932118,-0.012009471654891968,-0.06215703
1973-03-01,0.26855674,-0.4744218587875366,-1.7665609
1973-04-01,-0.26421452,0.18903812766075134,-0.71547216
1973-05-01,-0.5093833,0.12744466960430145,-0.25019404
1973-06-01,-0.36881757,-0.5459461808204651,1.4802607
1973-07-01,0.003179098,-0.004143631085753441,-1.3033984
1973-08-01,0.008044051,0.011539476923644543,1.4345355
1973-09-01,0.23781356,-0.009961246512830257,-0.041886788
1973-10-01,0.25531006,-0.9485023617744446,-3.7150998
1973-11-01,-0.046490144,-0.018814822658896446,0.4047056
1973-12-01,-0.12621893,0.030739884823560715,-0.24354418
1974-01-01,-0.0627194,0.005508445668965578,-0.087826826
1974-02-01,-0.15155527,0.08669740706682205,-0.5720514
1974-03-01,-0.12052532,0.11566802114248276,-0.9596989
1974-04-01,-0.31228346,0.25815093517303467,-0.8266558
1974-05-01,-0.16687816,0.0597037598490715,-0.35776857
1974-06-01,-0.55242366,1.0502657890319824,-1.9011962
1974-07-01,-0.58820456,1.2981148958206177,-2.2069106
1974-08-01,-0.43770587,1.1596248149871826,-2.6493242
1974-09-01,-0.39055994,-1.3773658275604248,3.5266438
1974-10-01,0.013536012,-0.009602302685379982,-0.7093894
1974-11-01,0.3013471,-0.08597836643457413,-0.2853134
1974-12-01,-0.23547532,-0.41604697704315186,1.766839
1975-01-01,-0.067255795,-0.04917692393064499,0.73119235
1975-02-01,0.07171426,0.01835513859987259,0.25594825
1975-03-01,-0.058214944,-0.03231995925307274,0.55518323
1975-04-01,0.18500865,0.09509678184986115,0.51401263
1975-05-01,0.106776305,0.05507799983024597,0.51582605
1975-06-01,0.21122783,-0.16566132009029388,-0.7842779
1975-07-01,-0.062373586,0.015398208983242512,-0.24687067
1975-08-01,0.1361632,-0.0590241476893425,-0.4334809
1975-09-01,0.06468461,0.05717570707201958,0.8839152
1975-10-01,-0.0802245,-0.03512251749634743,0.43780288
1975-11-01,0.19838823,-0.04397401958703995,-0.2216564
1975-12-01,0.024978943,0.05759037286043167,2.3055568
1976-01-01,0.1341654,-0.030269566923379898,-0.2256138
1976-02-01,0.16723159,0.10241082310676575,0.6123892
1976-03-01,0.28186542,-0.06168694794178009,-0.21885249
1976-04-01,0.13923216,-0.03996168076992035,-0.28701472
1976-05-01,-0.03332503,-0.027451958507299423,0.8237639
1976-06-01,0.08364304,-0.013619148172438145,-0.16282465
1976-07-01,0.22876135,-0.02677854523062706,-0.11705887
1976-08-01,0.28602335,0.1511225700378418,0.52835745
1976-09-01,0.19319174,-0.10764185339212418,-0.5571763
1976-10-01,0.10497688,-0.020793896168470383,-0.19808072
1976-11-01,0.29205203,0.3884196877479553,1.3299674
1976-12-01,0.3344618,-0.4162977933883667,-1.2446796
1977-01-01,0.15122727,-0.11134621500968933,-0.736284
1977-02-01,0.030008823,-0.01404492650181055,-0.46802658
1977-03-01,-0.07916026,-0.0005620295996777713,0.007099896
1977-04-01,-0.09537625,0.0787934884428978,-0.8261332
1977-05-01,-0.09011651,-0.14094720780849457,1.5640553
1977-06-01,-0.025649285,0.014040765352547169,-0.5474135
1977-07-01,-0.12777185,0.09003477543592453,-0.70465267
1977-08-01,0.20730707,-0.016970187425613403,-0.08186015
1977-09-01,-0.13742933,0.20513588190078735,-1.4926646
1977-10-01,-0.3931215,-0.3453115224838257,0.8783837
1977-11-01,-0.1605342,-0.014119510538876057,0.087953284
1977-12-01,-0.20433263,0.46573615074157715,-2.2793038
1978-01-01,-0.26323226,0.22765617072582245,-0.86484903
1978-02-01,-0.3749501,-0.32511019706726074,0.86707586
1978-03-01,-0.26575106,-0.743720531463623,2.7985609
1978-04-01,0.12129362,0.012607368640601635,0.103940904
1978-05-01,0.06536592,-0.028666216880083084,-0.4385499
1978-06-01,0.10461973,0.1487126350402832,1.4214588
1978-07-01,0.20711604,0.13073652982711792,0.6312236
1978-08-01,0.27675104,-0.04915593937039375,-0.17761791
1978-09-01,0.09731564,-0.2173769623041153,-2.233731
1978-10-01,-0.29119554,-0.10092426836490631,0.3465859
1978-11-01,-0.013963987,-0.004367027431726456,0.312735
1978-12-01,-0.29857156,-0.24836884438991547,0.831857
1979-01-01,0.0850339,-0.06999139487743378,-0.8230999
1979-02-01,-0.050774053,-0.061759136617183685,1.2163523
1979-03-01,-0.026850631,-0.0009541907347738743,0.035536993
1979-04-01,0.140657,-0.0903083011507988,-0.6420463
1979-05-01,-0.038178083,-0.03513422608375549,0.9202721
1979-06-01,0.08726857,0.017871538177132607,0.20478779
1979-07-01,-0.036291208,-0.04801969602704048,1.3231771
1979-08-01,0.08184062,0.0,0.0
1979-09-01,0.2962508,-0.48314377665519714,-1.6308607
1979-10-01,0.00096679735,0.001099237590096891,1.1369886
1979-11-01,-0.022692386,-0.009817412123084068,0.43263024
1979-12-01,-0.07408728,-0.11008761078119278,1.4859179
1980-01-01,0.13403039,-0.014558319933712482,-0.10861955
1980-02-01,0.03636571,-0.09792806208133698,-2.6928682
1980-03-01,-0.03623581,-0.03092334419488907,0.8533918
1980-04-01,0.010352537,0.009730448946356773,0.9399096
1980-05-01,0.079329774,0.04291466251015663,0.5409654
1980-06-01,0.13094173,0.17248952388763428,1.3172998
1980-07-01,0.019653391,0.0022112559527158737,0.11251269
1980-08-01,-0.08569112,-0.04274687543511391,0.4988484
1980-09-01,-0.021209694,-0.006729889195412397,0.3173025
1980-10-01,0.0910948,0.21426689624786377,2.352131
1980-11-01,0.3093879,-0.21216848492622375,-0.68576854
1980-12-01,0.09158295,-0.08021534979343414,-0.8758765
1981-01-01,-0.12761188,-0.03134742006659508,0.24564658
1981-02-01,0.21575525,0.14449404180049896,0.6697127
1981-03-01,-0.110947475,0.06524936854839325,-0.58811045
1981-04-01,0.14816462,-0.005870899185538292,-0.039624166
1981-05-01,-0.24281508,0.061216942965984344,-0.25211343
1981-06-01,0.41265327,-0.02184724062681198,-0.052943338
1981-07-01,0.37007523,-0.5982140898704529,-1.6164662
1981-08-01,-0.035500802,0.04416857287287712,-1.2441571
1981-09-01,-0.16254158,-0.17657841742038727,1.0863584
1981-10-01,-0.03575358,-0.02747282013297081,0.7683935
1981-11-01,0.050491344,-0.04100615158677101,-0.8121422
1981-12-01,-0.01636013,0.007797774858772755,-0.4766328
1982-01-01,0.0886032,-0.15315960347652435,-1.7286012
1982-02-01,-0.12437708,0.033454373478889465,-0.26897538
1982-03-01,-0.24342829,-0.2804930508136749,1.1522615
1982-04-01,0.08332219,-0.08568920195102692,-1.0284079
1982-05-01,0.003319813,-0.0017340710619464517,-0.52234
1982-06-01,-0.23490232,0.13890235126018524,-0.5913196
1982-07-01,-0.108676426,-0.3251710832118988,2.992103
1982-08-01,0.17249511,0.02551652491092682,0.14792608
1982-09-01,0.38912076,0.8812381625175476,2.2646906
1982-10-01,0.39439052,0.2522757947444916,0.6396599
1982-11-01,0.12727727,0.03417577967047691,0.2685144
1982-12-01,0.19440624,0.11692465096712112,0.60144496
1983-01-01,0.029096361,0.010143718682229519,0.348625
1983-02-01,0.5293813,0.3596504330635071,0.6793788
1983-03-01,0.1608069,0.2533004879951477,1.5751842
1983-04-01,0.35153002,-0.08778604865074158,-0.24972561
1983-05-01,0.25767514,0.19502761960029602,0.756874
1983-06-01,0.37839818,-0.28735169768333435,-0.75938976
1983-07-01,0.24212918,0.06116136536002159,0.25259808
1983-08-01,0.17366609,0.04708128795027733,0.27110237
1983-09-01,0.12026468,-0.04885542765259743,-0.40623257
1983-10-01,0.31138015,0.18911735713481903,0.607352
1983-11-01,0.04982077,-0.01567530445754528,-0.31463394
1983-12-01,0.21350488,-0.06793713569641113,-0.31819946
1984-01-01,-0.047503386,0.06372924894094467,-1.3415728
1984-02-01,0.09461596,0.0398801825940609,0.4214953
1984-03-01,0.03860578,0.006814119406044483,0.17650516
1984-04-01,0.048493676,-0.133889839053154,-2.7609754
1984-05-01,0.058406938,0.0376475490629673,0.6445732
1984-06-01,-0.43474057,0.28542205691337585,-0.6565342
1984-07-01,-0.19259036,-0.8549861311912537,4.4394026
1984-08-01,-0.0651435,0.0056215873919427395,-0.08629544
1984-09-01,0.26668203,-0.00039878860116004944,-0.0014953711
1984-10-01,0.6732673,-0.25466451048851013,-0.3782517
1984-11-01,-0.3255291,-0.18247723579406738,0.5605558
1984-12-01,-0.08711858,-0.15994735062122345,1.8359729
1985-01-01,0.41972733,0.08073565363883972,0.19235262
1985-02-01,0.060482927,-0.0041532195173203945,-0.068667635
1985-03-01,0.46093494,-0.049436070024967194,-0.10725173
1985-04-01,0.19079393,0.2394871860742569,1.2552139
1985-05-01,0.48984462,0.15429414808750153,0.3149859
1985-06-01,0.39831835,-0.05004134401679039,-0.12563153
1985-07-01,0.29035017,-0.09228863567113876,-0.31785288
1985-08-01,0.32599205,-0.41462692618370056,-1.2718928
1985-09-01,0.14665167,0.20697183907032013,1.4113159
1985-10-01,0.114166334,0.23546123504638672,2.0624402
1985-11-01,0.3868773,0.516124963760376,1.3340793
1985-12-01,0.41921198,0.028632784262299538,0.06830145
1986-01-01,0.25098702,0.5894505977630615,2.3485303
1986-02-01,0.011324037,0.017316332086920738,1.529166
1986-03-01,0.29788315,-0.12047167122364044,-0.40442592
1986-04-01,0.5689448,0.7983648180961609,1.4032377
1986-05-01,0.2470775,0.09816613048315048,0.39730906
1986-06-01,0.0663488,-0.10979323089122772,-1.6547885
1986-07-01,0.7027493,1.188097357749939,1.6906418
1986-08-01,-0.037452046,0.07368016988039017,-1.9673202
1986-09-01,0.2641401,0.2804688513278961,1.0618185
1986-10-01,0.23352107,0.09623469412326813,0.41210282
1986-11-01,0.4145514,-0.23285482823848724,-0.56170315
1986-12-01,0.95098794,2.441622257232666,2.5674586
1987-01-01,0.18322241,0.10993000119924545,0.5999812
1987-02-01,-0.16894566,-0.07446411997079849,0.44075784
1987-03-01,0.8287027,-0.16065998375415802,-0.19386926
1987-04-01,0.28648412,0.02933395653963089,0.10239296
1987-05-01,0.50181556,0.4134930670261383,0.8239941
1987-06-01,0.40895832,0.3347092866897583,0.81844354
1987-07-01,0.43571648,0.28096362948417664,0.6448313
1987-08-01,0.45295808,-0.2085496187210083,-0.46041703
1987-09-01,0.15553555,-0.7863370180130005,-5.055674
1987-10-01,-0.01724612,0.017920931801199913,-1.0391283
1987-11-01,0.23274034,0.19717320799827576,0.847181
1987-12-01,0.47577327,0.21805904805660248,0.45832556
1988-01-01,0.15482068,0.08104600757360458,0.5234831
1988-02-01,0.36527538,-0.15203003585338593,-0.41620663
1988-03-01,-0.2257812,-0.026577327400445938,0.11771276
1988-04-01,-0.117170915,-0.004641375038772821,0.039612006
1988-05-01,-0.002572076,-0.0013881534105166793,0.5397016
1988-06-01,0.24724868,-0.016749747097492218,-0.06774454
1988-07-01,-0.056719776,0.028041154146194458,-0.49438056
1988-08-01,0.002759817,0.0014219579752534628,0.5152363
1988-09-01,0.113248244,0.03736579790711403,0.32994595
1988-10-01,0.13700724,-0.058207977563142776,-0.4248533
1988-11-01,0.018064465,0.007662080693989992,0.42415208
1988-12-01,0.053860575,0.12989689409732819,2.411725
1989-01-01,0.3680834,-0.3188187777996063,-0.86615914
1989-02-01,0.2917338,0.1782243698835373,0.61091435
1989-03-01,0.32646406,0.5149186253547668,1.5772598
1989-04-01,0.3041824,0.3176690340042114,1.0443373
1989-05-01,0.3453116,-0.08069667220115662,-0.23369232
1989-06-01,0.17667961,0.4649365544319153,2.6315236
1989-07-01,0.41160536,0.16252781450748444,0.39486322
1989-08-01,0.35249406,-0.0665317177772522,-0.18874563
1989-09-01,0.49249214,-0.3492002785205841,-0.70904744
1989-10-01,0.59311366,0.25870320200920105,0.43617812
1989-11-01,0.3614535,0.21393772959709167,0.59188175
1989-12-01,0.27906156,-0.5313641428947449,-1.9041108
1990-01-01,-0.04438407,-0.009303336031734943,0.2096098
1990-02-01,-0.06968032,-0.043398380279541016,0.6228212
1990-03-01,-0.0073476457,0.005062355659902096,-0.6889766
1990-04-01,-0.21445286,-0.5106780529022217,2.381307
1990-05-01,0.07747102,-0.015165421180427074,-0.19575606
1990-06-01,0.11252,-0.012936078011989594,-0.11496692
1990-07-01,0.0056291046,-0.013823365792632103,-2.4556954
1990-08-01,0.21956351,-0.23790016770362854,-1.0835141
1990-09-01,-0.15189122,0.020762229338288307,-0.13669144
1990-10-01,-0.16763435,-0.20602615177631378,1.2290211
1990-11-01,-0.02693959,-0.012799249961972237,0.4751093
1990-12-01,-0.052694183,-0.041734397411346436,0.7920115
1991-01-01,0.1128525,0.1527891606092453,1.3538837
1991-02-01,0.33304092,0.13982124626636505,0.41983205
1991-03-01,0.29460132,0.0019317601108923554,0.006557201
1991-04-01,0.2414599,0.18016262352466583,0.7461389
1991-05-01,0.22421381,-0.23254427313804626,-1.0371541
1991-06-01,-0.17832693,-0.1641709953546524,0.92061806
1991-07-01,0.15083699,0.05929480493068695,0.3931052
1991-08-01,0.31873697,-0.1599835753440857,-0.50192976
1991-09-01,0.13562667,0.04767299070954323,0.35150158
1991-10-01,0.12782973,-0.17122380435466766,-1.3394678
1991-11-01,-0.042527564,-0.13378937542438507,3.1459448
1991-12-01,-0.097665966,0.04275332763791084,-0.43775052
1992-01-01,0.2613373,0.05394592136144638,0.20642258
1992-02-01,0.31940395,-0.16078978776931763,-0.50340575
1992-03-01,0.29855195,0.18858426809310913,0.63166314
1992-04-01,0.07447104,0.0016133541939780116,0.021664182
1992-05-01,0.16837078,-0.0670977309346199,-0.39851174
1992-06-01,0.18720031,0.18008984625339508,0.9620168
1992-07-01,-0.060592275,0.03588857874274254,-0.5922963
1992-08-01,0.3333338,0.07340620458126068,0.2202183
1992-09-01,0.07050616,0.0036512224469333887,0.051785864
1992-10-01,0.1931784,0.1437651515007019,0.74420923
1992-11-01,0.21470161,0.05725043639540672,0.26665118
1992-12-01,-0.0044703074,-0.0014632041566073895,0.32731622
1993-01-01,0.06971165,0.036203477531671524,0.5193318
1993-02-01,0.07789359,0.07208894938230515,0.9254798
1993-03-01,0.3016268,-0.4166119694709778,-1.3812166
1993-04-01,0.12723455,0.1449347585439682,1.1391149
1993-05-01,0.14537345,0.005352522246539593,0.03681912
1993-06-01,0.19537175,-0.054245587438344955,-0.2776532
1993-07-01,0.123326376,0.2523409426212311,2.046123
1993-08-01,0.2954468,-0.18206900358200073,-0.6162497
1993-09-01,0.29113534,0.32887962460517883,1.1296451
1993-10-01,0.35144097,-0.26147300004959106,-0.74400264
1993-11-01,0.16488509,0.09721672534942627,0.5896029
1993-12-01,0.30205584,0.5735999941825867,1.8989866
1994-01-01,0.2889279,-0.4623398184776306,-1.6001909
1994-02-01,0.2736791,-0.5770289897918701,-2.1084144
1994-03-01,-0.11203238,-0.05061513930559158,0.45179024
1994-04-01,0.31727087,0.160897359251976,0.5071293
1994-05-01,0.35426462,-0.39774319529533386,-1.1227291
1994-06-01,0.10727981,0.1337544322013855,1.2467811
1994-07-01,-0.08412087,-0.11801020801067352,1.4028648
1994-08-01,0.19326293,-0.19113565981388092,-0.98899287
1994-09-01,-0.04515498,-0.033223070204257965,0.73575646
1994-10-01,0.12903553,-0.17946472764015198,-1.3908163
1994-11-01,0.047600217,0.019158143550157547,0.40248019
1994-12-01,0.0047710678,0.003780601778998971,0.7924016
1995-01-01,0.1829358,0.220656618475914,1.206197
1995-02-01,0.43314296,0.3910914659500122,0.9029154
1995-03-01,0.3184473,0.33637940883636475,1.0563111
1995-04-01,0.51991266,0.6999154090881348,1.3462173
1995-05-01,0.3516646,0.26802727580070496,0.76216733
1995-06-01,0.6108674,0.7792905569076538,1.2757115
1995-07-01,0.28409263,-0.0036502613220363855,-0.012848842
1995-08-01,0.75146043,1.2281403541564941,1.634338
1995-09-01,0.80805224,-0.1847471445798874,-0.22863267
1995-10-01,0.7480906,1.3398207426071167,1.7909871
1995-11-01,0.7315489,0.8451454043388367,1.1552821
1995-12-01,0.8600443,1.896270513534546,2.204852
1996-01-01,0.65241086,0.30241021513938904,0.46352723
1996-02-01,0.05124139,0.026251627132296562,0.51231295
1996-03-01,0.3886798,0.3267004191875458,0.84053874
1996-04-01,0.55044,0.7863819003105164,1.4286423
1996-05-01,0.6923909,0.10262945294380188,0.14822473
1996-06-01,0.90109605,-2.5831689834594727,-2.8666966
1996-07-01,0.2582764,0.20616093277931213,0.79821825
1996-08-01,0.36466086,0.8452497124671936,2.3179064
1996-09-01,0.27297026,0.283558189868927,1.0387878
1996-10-01,0.45461455,1.3543288707733154,2.9790707
1996-11-01,0.7853149,-0.5833668112754822,-0.74284446
1996-12-01,0.5796111,1.1371185779571533,1.9618646
1997-01-01,0.62895465,0.11078254878520966,0.17613758
1997-02-01,0.5623373,-0.7113947868347168,-1.2650678
1997-03-01,0.6202965,0.9539297819137573,1.537861
1997-04-01,0.08300965,0.12133440375328064,1.4616903
1997-05-01,0.26788723,0.27863556146621704,1.0401226
1997-06-01,0.36093062,0.6744030117988586,1.8685114
1997-07-01,0.46955317,-0.7079810500144958,-1.5077761
1997-08-01,0.6548593,0.7500075101852417,1.1452956
1997-09-01,0.4496451,-0.3344036042690277,-0.74370563
1997-10-01,0.24205968,0.2168654501438141,0.8959173
1997-11-01,0.330733,0.10891102999448776,0.32930198
1997-12-01,0.39461923,0.0871461033821106,0.22083592
1998-01-01,0.28219718,0.44666823744773865,1.5828232
1998-02-01,0.43727767,0.4689341187477112,1.0723944
1998-03-01,0.70885706,0.1538935750722885,0.217101
1998-04-01,0.6697989,-0.30415451526641846,-0.45409825
1998-05-01,0.397707,0.37031418085098267,0.93112314
1998-06-01,0.2370986,-0.065281942486763,-0.27533668
1998-07-01,0.46329385,-1.7271614074707031,-3.7280042
1998-08-01,0.09205595,0.09952837973833084,1.0811727
1998-09-01,0.15412506,0.21175223588943481,1.3738987
1998-10-01,-0.074243575,-0.07280467450618744,0.9806192
1998-11-01,0.20975614,0.19373446702957153,0.92361766
1998-12-01,0.16183496,0.10704749077558517,0.6614609
1999-01-01,0.24859655,-0.12920477986335754,-0.5197368
1999-02-01,-0.18954885,-0.11811313778162003,0.6231277
1999-03-01,-0.07659817,-0.047043491154909134,0.61415946
1999-04-01,-0.0931852,0.03747057914733887,-0.40210867
1999-05-01,-0.29952562,-0.26111048460006714,0.8717467
1999-06-01,-0.06500128,0.03301681578159332,-0.507941
1999-07-01,-0.36886346,0.035918399691581726,-0.09737587
1999-08-01,0.25907436,-0.18288998305797577,-0.70593625
1999-09-01,0.012102552,0.018068723380565643,1.4929681
1999-10-01,0.27943873,0.13369342684745789,0.47843558
1999-11-01,0.251231,0.3846001923084259,1.5308627
1999-12-01,0.33103535,-0.4442424476146698,-1.3419789
2000-01-01,0.09407332,-0.04562954977154732,-0.48504242
2000-02-01,0.015284282,0.036482807248830795,2.3869493
2000-03-01,0.26255912,-0.1710144430398941,-0.6513369
2000-04-01,0.29339728,-0.1332729607820511,-0.45424062
2000-05-01,0.17143275,0.08536739647388458,0.49796435
2000-06-01,0.3556383,-0.12586736679077148,-0.35391963
2000-07-01,0.2634847,0.35371729731559753,1.3424586
2000-08-01,0.24590737,-0.27693644165992737,-1.126182
2000-09-01,0.22343132,-0.02214379422366619,-0.09910783
2000-10-01,0.18627027,-0.31538212299346924,-1.6931427
2000-11-01,0.085321166,0.0065340809524059296,0.07658218
2000-12-01,-0.16220766,-0.11362907290458679,0.70051605
2001-01-01,0.007757458,-0.014664405956864357,-1.8903623
2001-02-01,0.28368533,-0.3285488784313202,-1.1581454
2001-03-01,-0.13332854,-0.2180100977420807,1.6351345
2001-04-01,-0.09335847,-0.008731894195079803,0.09353082
2001-05-01,0.11552088,-0.05300581827759743,-0.4588419
2001-06-01,-0.014707473,0.0029536013025790453,-0.20082316
2001-07-01,-0.06398377,0.0764804556965828,-1.1953102
2001-08-01,-0.28458595,0.46380022168159485,-1.6297369
2001-09-01,-0.3026977,-0.10469549149274826,0.34587476
2001-10-01,-0.4249902,-0.5966396331787109,1.4038903
2001-11-01,-0.011741914,-0.0015544244088232517,0.13238254
2001-12-01,0.01735434,-0.004716712981462479,-0.2717887
2002-01-01,-0.08276011,0.030939774587750435,-0.3738489
2002-02-01,-0.16644064,-0.12237419933080673,0.7352423
2002-03-01,0.016722512,-0.021324843168258667,-1.2752178
2002-04-01,0.064354084,-0.013118769973516464,-0.20385295
2002-05-01,-0.11374815,0.18623706698417664,-1.6372756
2002-06-01,-0.17897837,0.2978067100048065,-1.6639256
2002-07-01,-0.2011532,-0.019367601722478867,0.09628284
2002-08-01,-0.049626715,0.11049333959817886,-2.226489
2002-09-01,-0.4161055,-0.6744402050971985,1.6208394
2002-10-01,-0.3082918,-0.2895699441432953,0.9392723
2002-11-01,-0.22911051,0.23607799410820007,-1.030411
2002-12-01,-0.20851095,0.09609667211771011,-0.4608711
2003-01-01,-0.4684252,0.13387030363082886,-0.285788
2003-02-01,-0.35901415,-0.05041991174221039,0.1404399
2003-03-01,-0.34470767,-0.48551756143569946,1.4084908
2003-04-01,-0.32893726,-0.2642074525356293,0.8032153
2003-05-01,-0.2746418,-0.04723740369081497,0.1719964
2003-06-01,0.16656704,0.04312892630696297,0.25892833
2003-07-01,0.04508543,0.014028015546500683,0.31114298
2003-08-01,0.08213411,-0.01706370897591114,-0.20775422
2003-09-01,0.12611389,0.1559624820947647,1.2366797
2003-10-01,0.17992066,0.03143742308020592,0.17472936
2003-11-01,0.15607662,0.2051902413368225,1.3146763
2003-12-01,0.41756308,0.21949097514152527,0.52564746
2004-01-01,0.39756697,0.16552616655826569,0.4163479
2004-02-01,0.37332398,-0.22860084474086761,-0.612339
2004-03-01,0.21249214,-0.12270740419626236,-0.577468
2004-04-01,0.11396075,0.05471424385905266,0.48011482
2004-05-01,0.05587299,0.04435045272111893,0.79377264
2004-06-01,0.21228209,-0.3206378221511841,-1.5104327
2004-07-01,0.10599968,0.00914712343364954,0.086293876
2004-08-01,0.03475625,0.012315375730395317,0.35433558
2004-09-01,0.032798383,0.017903078347444534,0.5458525
2004-10-01,-0.0016849781,-0.003025382524356246,1.7955025
2004-11-01,0.3952853,0.5474487543106079,1.3849459
2004-12-01,0.28035867,-0.3388170301914215,-1.2085128
2005-01-01,0.04124714,0.034441303461790085,0.83499855
2005-02-01,0.471025,-0.3924759328365326,-0.833238
2005-03-01,0.1756936,-0.1523911952972412,-0.86736906
2005-04-01,0.16013801,0.20432834327220917,1.2759515
2005-05-01,0.15525931,-0.0009011935908347368,-0.0058044414
2005-06-01,0.17743544,0.26272329688072205,1.4806699
2005-07-01,0.124087185,-0.061434075236320496,-0.49508798
2005-08-01,0.44837534,0.13318318128585815,0.297035
2005-09-01,-0.18447118,0.13987082242965698,-0.75822586
2005-10-01,0.014045521,0.02019031159579754,1.4374912
2005-11-01,0.20551187,-0.008128820918500423,-0.039554022
2005-12-01,0.31471974,0.3552812337875366,1.1288813
2006-01-01,0.018960662,0.0003982633352279663,0.021004716
2006-02-01,0.4939459,0.2573622167110443,0.5210332
2006-03-01,-0.08889453,-0.05437293276190758,0.61165667
2006-04-01,0.123912856,-0.215054452419281,-1.7355298
2006-05-01,0.22965561,0.0009800356347113848,0.004267414
2006-06-01,0.36526987,0.09155943989753723,0.25066245
2006-07-01,0.20491856,0.24358519911766052,1.1886927
2006-08-01,0.3973899,0.5419749617576599,1.3638368
2006-09-01,0.53304976,0.8921740651130676,1.6737163
2006-10-01,0.67269003,0.6064131259918213,0.90147483
2006-11-01,0.76244307,0.5734068751335144,0.7520652
2006-12-01,0.15378103,0.13145972788333893,0.8548501
2007-01-01,0.3656726,-0.5042845606803894,-1.3790603
2007-02-01,0.40680394,0.2232968658208847,0.5489054
2007-03-01,-0.206521,-0.49211955070495605,2.382903
2007-04-01,0.3644055,0.5688214302062988,1.5609573
2007-05-01,0.53822863,-0.5607969164848328,-1.0419307
2007-06-01,0.4544456,-0.755328893661499,-1.6620886
2007-07-01,0.1750932,0.09630869328975677,0.55004245
2007-08-01,0.46948713,0.7248756289482117,1.5439733
2007-09-01,0.22318608,0.13776375353336334,0.6172596
2007-10-01,0.45841935,-0.8696595430374146,-1.8970829
2007-11-01,0.06891915,-0.02137892320752144,-0.31020293
2007-12-01,-0.17945974,0.3925159275531769,-2.187209
2008-01-01,-0.2812426,0.2940003275871277,-1.045362
2008-02-01,-0.72107613,0.12596382200717926,-0.17468867
2008-03-01,-0.28230453,-0.3968042731285095,1.4055895
2008-04-01,-0.0763731,-0.023697208613157272,0.31028214
2008-05-01,-0.03326619,0.08726964145898819,-2.6233735
2008-06-01,-0.13878669,0.03425018861889839,-0.24678296
2008-07-01,-0.54971963,-0.16973240673542023,0.30876178
2008-08-01,-0.18060258,0.41568851470947266,-2.3016753
2008-09-01,0.0042156386,-0.01674468442797661,-3.97204
2008-10-01,0.013598042,-0.017360208556056023,-1.2766697
2008-11-01,0.012697988,0.0016651380574330688,0.131134
2008-12-01,0.00045709126,-0.0006461481680162251,-1.4136087
2009-01-01,-0.0033729225,0.005994976963847876,-1.7773836
2009-02-01,-0.010900578,-0.014321072958409786,1.3137902
2009-03-01,-0.017917687,-0.0225098617374897,1.2562928
2009-04-01,-0.018075539,-0.011905383318662643,0.6586461
2009-05-01,0.11730364,0.0002746725222095847,0.0023415515
2009-06-01,0.02339852,0.021107474341988564,0.90208584
2009-07-01,0.063958466,0.024688363075256348,0.38600618
2009-08-01,0.102230415,0.0415906198322773,0.40683216
2009-09-01,0.17224307,-0.03982389718294144,-0.23120753
2009-10-01,-0.021153718,-0.01772104762494564,0.8377273
2009-11-01,0.04086578,0.011261115781962872,0.27556348
2009-12-01,0.061596632,-0.03536594659090042,-0.5741539
2010-01-01,0.065097384,0.031774893403053284,0.4881132
2010-02-01,0.11876158,0.17212526500225067,1.4493346
2010-03-01,0.18943432,0.07312042266130447,0.38599354
2010-04-01,0.40189344,-0.9898364543914795,-2.4629326
2010-05-01,0.038724054,-0.04696960374712944,-1.2129309
2010-06-01,-0.3155172,-0.44628143310546875,1.4144441
2010-07-01,0.054328207,-0.05369402840733528,-0.9883269
2010-08-01,-0.06324151,-0.11055926978588104,1.7482072
2010-09-01,-0.04433894,-0.029658913612365723,0.6689134
2010-10-01,0.08854422,-0.003690584795549512,-0.041680697
2010-11-01,0.039833922,0.04890156537294388,1.2276362
2010-12-01,-0.020281628,-0.008241054601967335,0.40633103
2011-01-01,0.27166337,0.16185864806175232,0.59580594
2011-02-01,0.036301456,-0.0007077789632603526,-0.01949726
2011-03-01,0.075581126,0.04124759882688522,0.5457394
2011-04-01,-0.07624422,0.019630979746580124,-0.257475
2011-05-01,0.4192099,-0.17292821407318115,-0.41250986
2011-06-01,0.34857315,-0.18742431700229645,-0.53769004
2011-07-01,0.0616458,-0.09040962904691696,-1.4665984
2011-08-01,0.06590346,-0.11782143265008926,-1.7877882
2011-09-01,-0.29230803,-0.7933939695358276,2.7142394
2011-10-01,0.122094944,-0.01243150420486927,-0.10181834
2011-11-01,-0.05055738,-0.00867453683167696,0.17157805
2011-12-01,-0.15476729,-0.14627563953399658,0.9451328
2012-01-01,0.13002422,0.11137270927429199,0.85655355
2012-02-01,0.24678466,0.16131293773651123,0.6536587
2012-03-01,0.19219828,-0.029670635238289833,-0.15437514
2012-04-01,0.17715712,-0.23041868209838867,-1.300646
2012-05-01,0.122175336,0.0935240313410759,0.7654903
2012-06-01,0.28452608,0.06814129650592804,0.23949052
2012-07-01,0.32816982,0.12465955317020416,0.37986293
2012-08-01,0.03381236,0.01704362966120243,0.5040651
2012-09-01,0.19984946,-0.09889430552721024,-0.494844
2012-10-01,0.30206066,0.02797154150903225,0.092602395
2012-11-01,-0.08250228,-0.01914331689476967,0.23203377
2012-12-01,0.17654847,0.292126327753067,1.6546522
2013-01-01,0.23399648,0.08295869082212448,0.35452965
2013-02-01,-0.07744633,-0.09342391788959503,1.2063054
2013-03-01,0.32211506,0.1930505782365799,0.5993218
2013-04-01,0.10438212,0.07279892265796661,0.69742715
2013-05-01,0.2299572,-0.1870526671409607,-0.8134239
2013-06-01,0.21693337,0.5506588220596313,2.5383778
2013-07-01,0.36294007,-0.516590416431427,-1.4233491
2013-08-01,0.6216004,0.7113263010978699,1.1443466
2013-09-01,0.60494363,1.0271693468093872,1.6979588
2013-10-01,0.47843152,0.5271199941635132,1.1017668
2013-11-01,0.31345588,0.29457131028175354,0.93975365
2013-12-01,0.27916658,-0.40208950638771057,-1.4403211
2014-01-01,0.44428807,0.6840967535972595,1.5397594
2014-02-01,0.48982635,0.11666673421859741,0.23817979
2014-03-01,0.7380587,0.15977856516838074,0.2164849
2014-04-01,0.7888428,0.577236533164978,0.731751
2014-05-01,0.82906985,0.5496782660484314,0.66300595
2014-06-01,0.5555017,-0.3075406849384308,-0.5536269
2014-07-01,0.58752906,0.8308791518211365,1.4141924
2014-08-01,0.6664635,-0.4345218539237976,-0.6519815
2014-09-01,0.4845405,0.4459048807621002,0.9202634
2014-10-01,0.43144745,0.44992536306381226,1.0428277
2014-11-01,0.40909857,-0.07345476746559143,-0.17955273
2014-12-01,0.3377527,-0.4478791654109955,-1.3260565
2015-01-01,0.019278696,0.0467403344810009,2.4244552
2015-02-01,0.036009297,-0.025663208216428757,-0.71268284
2015-03-01,0.34324816,0.11371304839849472,0.33128524
2015-04-01,0.07396871,0.030185163021087646,0.40808016
2015-05-01,0.2167822,-0.17910261452198029,-0.8261869
2015-06-01,0.053254407,0.03975127637386322,0.74644107
2015-07-01,0.19405918,-0.4670814871788025,-2.4069023
2015-08-01,-0.013721932,0.011689191684126854,-0.85186195
2015-09-01,-0.3198823,-0.8383219838142395,2.6207201
2015-10-01,-0.085754104,-0.0010921986540779471,0.012736401
2015-11-01,0.09213772,-0.04133574664592743,-0.44863003
2015-12-01,0.040747773,-0.052430160343647,-1.2867
2016-01-01,0.10900959,-0.010919388383626938,-0.100169055
2016-02-01,-0.17285329,-0.3067028224468231,1.7743534
2016-03-01,-0.00492387,-0.00031354627572000027,0.06367883
2016-04-01,0.047503147,0.017200198024511337,0.36208543
2016-05-01,0.03138295,0.0006733021000400186,0.021454392
2016-06-01,0.050679177,0.04305241256952286,0.8495089
2016-07-01,0.040755577,-0.0011619551805779338,-0.028510334
2016-08-01,-0.027094621,0.0008924646535888314,-0.032938812
2016-09-01,0.14549118,-0.07848735898733139,-0.5394647
2016-10-01,-0.21471792,-0.2553284764289856,1.1891345
2016-11-01,0.035161145,0.021216413006186485,0.60340506
2016-12-01,0.098737165,0.05988103896379471,0.6064691
2017-01-01,0.28502554,0.4609624445438385,1.6172671
2017-02-01,0.45741582,-0.0076819066889584064,-0.016794143
2017-03-01,0.36176807,0.18525241315364838,0.51207507
2017-04-01,0.33625317,0.22172510623931885,0.65939933
2017-05-01,0.30974486,0.08506768941879272,0.27463794
2017-06-01,0.30600113,0.34142255783081055,1.1157559
2017-07-01,0.40867245,0.014026699587702751,0.034322597
2017-08-01,0.33797824,0.4126876890659332,1.2210481
2017-09-01,0.3991312,0.5723215937614441,1.4339184
2017-10-01,0.5495883,0.17234128713607788,0.3135825
2017-11-01,0.5579425,1.761859655380249,3.15778
2017-12-01,0.53021544,2.4047911167144775,4.535498
2018-01-01,0.7572931,-1.7145401239395142,-2.2640376
2018-02-01,0.2978546,-0.35267916321754456,-1.1840649
2018-03-01,0.6416301,0.06934621930122375,0.10807818
2018-04-01,0.19198237,0.16439245641231537,0.8562893
2018-05-01,0.8424124,0.16003432869911194,0.18997148
2018-06-01,0.52166814,0.737214207649231,1.4131862
2018-07-01,0.8106127,0.9262291789054871,1.1426286
2018-08-01,0.9607444,0.15408243238925934,0.16037817
2018-09-01,0.24597976,-0.6359384655952454,-2.5853286
2018-10-01,0.08803441,0.04431244730949402,0.5033537
2018-11-01,0.060015883,-0.1544070690870285,-2.57277
2018-12-01,0.058859363,0.1048833578824997,1.7819315
2019-01-01,0.12436841,0.07811947911977768,0.6281296
2019-02-01,0.39935482,0.1533549576997757,0.38400677
2019-03-01,0.27098748,0.23240742087364197,0.85763156
2019-04-01,0.44986308,-0.6330347061157227,-1.407172
2019-05-01,0.36519986,0.49029356241226196,1.3425349
2019-06-01,0.2533459,0.06068545952439308,0.23953597
2019-07-01,0.23877798,-0.07979511469602585,-0.33418122
2019-08-01,0.44368684,0.14123483002185822,0.318321
2019-09-01,-0.16851792,-0.06358408182859421,0.37731346
2019-10-01,0.062014956,0.04292184114456177,0.6921208
2019-11-01,0.12843713,0.07398926466703415,0.57607377
2019-12-01,0.109112844,-0.004748256411403418,-0.043516934
2020-01-01,0.4271231,-1.0784931182861328,-2.525017
2020-02-01,0.013816325,-0.03975081816315651,-2.8770905
2020-03-01,0.00072461064,0.001604436314664781,2.2142048
2020-04-01,0.030507114,0.020273709669709206,0.6645568
2020-05-01,0.17856961,0.049969058483839035,0.27982956
2020-06-01,0.06431621,0.05607812851667404,0.8719128
2020-07-01,0.16216284,0.17546281218528748,1.0820161
2020-08-01,0.14091033,-0.08338379859924316,-0.5917508
2020-09-01,-0.117332146,0.04755809158086777,-0.40532875
2020-10-01,0.0871696,0.1355779618024826,1.5553353
2020-11-01,0.32678983,0.16247814893722534,0.49719465
2020-12-01,0.31237078,-0.046477414667606354,-0.14878926
2021-01-01,0.15519539,0.05392357334494591,0.34745604
2021-02-01,0.18271208,0.11338617652654648,0.620573
2021-03-01,0.15235578,0.16021642088890076,1.051594
2021-04-01,0.18933488,0.02491072006523609,0.13156962
2021-05-01,0.31561047,0.16663382947444916,0.52797306
2021-06-01,0.25255448,0.136760875582695,0.5415104
2021-07-01,0.16857933,0.11871584504842758,0.70421356
2021-08-01,0.37087882,-0.45494744181632996,-1.2266741
2021-09-01,0.16874242,0.2914285659790039,1.7270617
2021-10-01,0.21217424,-0.045391712337732315,-0.21393602
2021-11-01,0.19328892,0.26728135347366333,1.3828074
2021-12-01,0.24580845,,
